DTE,Average Realized Vol,Black–Scholes Implied Vol
70,0.259934195772,0.26383523719806873
80,0.257314120236,0.25177267023850924
90,0.257471205117,0.27614220690686975
100,0.256308389313,0.2586837195806434
110,0.254950911053,0.2526962825313678
120,0.254693611702,0.24554473297880933
130,0.254591061855,0.24929354664501496
