DTE,Average Realized Vol,Black–Scholes Implied Vol
70,0.248697391261,0.24224145113424925
80,0.25031097353,0.26504762464433906
90,0.249072892805,0.2297076125912192
100,0.249819399968,0.25414743682774615
110,0.250560114023,0.24813838292878776
120,0.249610239086,0.2461999720479352
130,0.249853919198,0.2290243019877755
