DTE,Average Realized Vol,Black–Scholes Implied Vol
70,0.194702678532,0.20722052502263294
80,0.192693248992,0.1907357424195631
90,0.195200288457,0.20224018880889588
100,0.192232979949,0.19513955158830032
110,0.19071062654,0.19616571520925907
120,0.193364493218,0.20213402067142214
130,0.193447592968,0.20485243292089114
