DTE,Average Realized Vol,Black–Scholes Implied Vol
70,0.248036192746,383.9577708261228
80,0.246974449365,25.52848542180191
90,0.24749584994,70.86425934050787
100,0.24724608152,287.2234704273144
110,0.247971610314,1751.594733999998
120,0.248719138684,21484.906544503727
130,0.247955229668,432818.91907398094
