DTE,Average Realized Vol,Black–Scholes Implied Vol
70,0.248487703156,0.2479029114179138
80,0.249783130252,0.24044058426664866
90,0.249903290617,0.25171540757747635
100,0.250431199379,0.25682385628115467
110,0.249036550882,0.2502684518763628
120,0.249002487122,0.24061116101991373
130,0.250383144483,0.2599455860815852
