DTE,Average Realized Vol,Black–Scholes Implied Vol
70,0.250550992741,0.2498030347010621
80,0.249342904375,0.23527802719145757
90,0.248832649509,0.24091096946761117
100,0.250620383574,0.24227614574407572
110,0.248902618041,0.24327773647639572
120,0.249147488948,0.24088500352839712
130,0.250087763393,0.2553706489097469
